{
	"credit": "Made with Blockbench",
	"parent": "minecraft:block/block",
	"textures": {
		"1": "fungi_age2",
		"5": "hypha_age2_3",
		"particle": "fungi_age1"
	},
	"elements": [
		{
			"from": [0, -0.5, 0],
			"to": [16, -0.5, 16],
			"rotation": {"angle": 0, "axis": "y", "origin": [0, -1.5, 0]},
			"faces": {
				"north": {"uv": [0, 0, 16, 0], "texture": "#5"},
				"east": {"uv": [0, 0, 16, 0], "texture": "#5"},
				"south": {"uv": [0, 0, 16, 0], "texture": "#5"},
				"west": {"uv": [0, 0, 16, 0], "texture": "#5"},
				"up": {"uv": [0, 0, 16, 16], "texture": "#5"},
				"down": {"uv": [0, 0, 16, 16], "texture": "#5"}
			}
		},
		{
			"from": [0, -1, 4],
			"to": [16, 15, 4],
			"rotation": {"angle": 22.5, "axis": "y", "origin": [8, 7, 4]},
			"faces": {
				"north": {"uv": [0, 0, 16, 16], "texture": "#1"},
				"east": {"uv": [0, 0, 0, 16], "texture": "#1"},
				"south": {"uv": [0, 0, 16, 16], "texture": "#1"},
				"west": {"uv": [0, 0, 0, 16], "texture": "#1"},
				"up": {"uv": [0, 0, 16, 0], "texture": "#1"},
				"down": {"uv": [0, 0, 16, 0], "texture": "#1"}
			}
		},
		{
			"from": [0, -1, 12],
			"to": [16, 15, 12],
			"rotation": {"angle": 22.5, "axis": "y", "origin": [8, 7, 12]},
			"faces": {
				"north": {"uv": [0, 0, 16, 16], "texture": "#1"},
				"east": {"uv": [0, 0, 0, 16], "texture": "#1"},
				"south": {"uv": [0, 0, 16, 16], "texture": "#1"},
				"west": {"uv": [0, 0, 0, 16], "texture": "#1"},
				"up": {"uv": [0, 0, 16, 0], "texture": "#1"},
				"down": {"uv": [0, 0, 16, 0], "texture": "#1"}
			}
		},
		{
			"from": [4, -1, 0],
			"to": [4, 15, 16],
			"rotation": {"angle": 22.5, "axis": "y", "origin": [4, 7, 8]},
			"faces": {
				"north": {"uv": [0, 0, 0, 16], "texture": "#1"},
				"east": {"uv": [0, 0, 16, 16], "texture": "#1"},
				"south": {"uv": [0, 0, 0, 16], "texture": "#1"},
				"west": {"uv": [0, 0, 16, 16], "texture": "#1"},
				"up": {"uv": [0, 0, 16, 0], "rotation": 90, "texture": "#1"},
				"down": {"uv": [0, 0, 16, 0], "rotation": 270, "texture": "#1"}
			}
		},
		{
			"from": [12, -1, 0],
			"to": [12, 15, 16],
			"rotation": {"angle": 22.5, "axis": "y", "origin": [12, 7, 8]},
			"faces": {
				"north": {"uv": [0, 0, 0, 16], "texture": "#1"},
				"east": {"uv": [0, 0, 16, 16], "texture": "#1"},
				"south": {"uv": [0, 0, 0, 16], "texture": "#1"},
				"west": {"uv": [0, 0, 16, 16], "texture": "#1"},
				"up": {"uv": [0, 0, 16, 0], "rotation": 90, "texture": "#1"},
				"down": {"uv": [0, 0, 16, 0], "rotation": 270, "texture": "#1"}
			}
		}
	]
}