{
	"credit": "Made with Blockbench",
	"parent": "minecraft:block/block",
	"textures": {
		"3": "hypha_age0",
		"particle": "fungi_age1"
	},
	"elements": [
		{
			"from": [0, -0.5, 0],
			"to": [16, -0.5, 16],
			"rotation": {"angle": 0, "axis": "y", "origin": [0, -1.5, 0]},
			"faces": {
				"north": {"uv": [0, 0, 16, 0], "texture": "#3"},
				"east": {"uv": [0, 0, 16, 0], "texture": "#3"},
				"south": {"uv": [0, 0, 16, 0], "texture": "#3"},
				"west": {"uv": [0, 0, 16, 0], "texture": "#3"},
				"up": {"uv": [0, 0, 16, 16], "texture": "#3"},
				"down": {"uv": [0, 0, 16, 16], "texture": "#3"}
			}
		}
	]
}